car,"2018 red Corvette excellent condition less than 50,000 miles under $20000",2015 Mazda Miata under 80000 miles
car,"2019 Black BMW sedan 6 cylinder 50,000 miles and under",2015 red Ford Edge
car,"2019 Ford F-150 Lariat less than 50,000 miles under $20000",Hyundai 2016 used under 2000
car,"2019 Ford F150 truck in arkansas under 100,000 miles","used car under 200,000 miles"
car,"2021 Dodge Ram less than 5,000 Miles under $35,000","Used Kia forte under 50,000 miles"
car,"Accura CL 2007 white less then 100,000 miles",Honda used black
car,"BMW sedan less than 100,000 miles and under $25000",BMW used under 10000
car,"BMW used from at least 2005 in blue for less than 100,000",Chevy new Washington
car,"Baleno 1.3 DELTA less than 300,000 miles and under $20000",Alto 800 VXI used under 5000
car,"Black Toyota Corolla less then 100,000 for 10,000$",BMW used under 20000 miles
car,"Ford Mustang less than 150,000 miles and cost $10,000",Mustang 2006 V4 blue
car,"Ford SUV under $50,000 but under 150,000 miles",Honda used under 10000
car,"Ford sedan less than 150,000 miles and under $20000",Ford used under 4000
car,"HERO SEDAN LESS THAN 200,500 MILES AND UNDER $20000",HONDA USED UNDER 6000
car,"Honda Accord EX 1997 less than 138,000 miles single owner A/C less than $2000",Honda $1200 red
car,"Honda sedan less than 100,000 miles and under $13000",toyota used under 6000
car,"Honda sedan less than 200,000 miles and under $15000",toyota used under 5000
car,"Honda sedan less than 200,000 miles under $15,000","Toyota used under 5,000"
car,"Honda sedan less than 300,000 miles and under $17000",toyota used under 7000
car,"Honda sedan less than 300,000 miles and under $20000",toyota used under 6000
car,"Honda sedan less than 300,000 miles and under $20000",toyota used under 7000
car,"Honda sedan. Seats 5 people. Low mileage. And under $15,000",A toyota car that is used and has under 5000 miles
car,"Jeep Compass SUV 2012 or newer less than 50,000 miles",Jeep Compass 2015 or newer
car,"Jeep USV new less than 10,000 miles under $ 10000",Jeep USV new under $10000
car,"New Subaru SUV under 40,000 dollars with eyesight","New SUV under 50,000 dollars"
car,"New Toyota pickup 4x4 under 100,000 miles and preferably blue",new honda low mileage
car,"Red Jeep SUV under 50,000 miles newer than 2010",Ford used under 7000
car,"Tata Nano Mumbai area less than 55,000 km red color",Red Scorpio 2012 model
car,"Toyota 2020 less than 100,000 miles and black color",Honda black color
car,"Toyota Camry brand new in red under $35,000",BMW new in white
car,"Toyota less than 10,000 miles and under $10000",Toyata used under 7000
car,"Toyota more than 300,000 miles and upper $2000",Audi  A8L used under 6000
car,"Toyota, 50000k, 2021, new, blue, 4 cylinders","Mazda, 5000k, used, red"
car,"Used 100,000 honda 4000",Used honda 7000
car,"Used Honda Sedan, Los Angeles, Automatic Transmission, Clean title, less than 200,000 miles","Used Honda, California, clean title"
car,"Used petrol Citroen city car, manual transmission and under  £5000",Used black Vauxhall Corsa
car,"White Toyota Corolla under $15000 used less than 50,000 miles",Chevy Used Black 2011
car,"black Honda Civic 50,000 miles going for 10,000",2021 6-cylinder ford mustang
car,"black honda civic less than 5 years old, for around £12,000",4 cylinder red mustang
car,"bmw less than 200,000miles and under $20000",toyota used under 5000
car,"cylinders, fuel, odometer, transmission, type, paint_color, state","price, year, condition,region"
car,"ford crab less than 100,000 miles and under $16000",ford used under 20000
car,"honda car with black color and milage 300,000 price $55000 with petrol fuel",price of the first toyota car
car,"honda sedan less than 200,000 miles and under $15000",toyata used under 5000
car,"honda sedan less than 200,000 miles and under $15000",toyota used under 5000
car,"honda, 200,000 miles",toyota
car,"jeep less than 300,000 miles under $20000",used cadillac under 10000
car,"jeep less than 50,000 miles and under $17000",ford new car under 10000
car,"new Audi Q7, 2021 model, diesel, red",Peugeot 306 new
car,"red 1975 Dodge under 350,000 miles good condition in or near Reno Nevada",blue Mercedes in New York
car,"spaghetti, wal-mart, Costco",car
car,"toyota sedan less than 300,000 miles and under $20000",Honda used under 6000
car,$70000 in the 1990s but can be had for less than $90 a month now,"$5,000"
car,-,-
car,12000,10000
car,16000,5001
car,1992 silver toyota tacoma 4x4 truck,yellow truck
car,2011 Ford Fiesta used grey automatic transmission,"Used Ford truck $12,000"
car,2015 Honda Pilot Silver or Grey with leather seats,"Nissan Sentra under 80,000 miles"
car,AUDI 2010 MODEL BLUE COLOR GOOD CONDITION,AUDI 2010 MODEL
car,Beand new honda 340000,Honda used 3000
car,Black Ford Mustang in GA,mustang 2005 400 miles
car,Classic paint 1952 bel air fully restored engine anti-lock brakes,1986 cherry red mustang
car,El dorado 1970 black under 300000 miles,Colorado new toyota prius
car,FUEL,"REGION,TYPE,PAINT,STATE"
car,Hoda sedan more than 10 colours and less than 10 colours,Toyato price upper $20000
car,Honda Pilot newer than 2020 and under $20000,Honda Pilot newer 2018
car,Honda SUV manual less than 75000 miles under $15000,Buick automatic blue
car,Honda Sedan,Used Toyota
car,Honda sedan $15000,Used car
car,Honda,Subaru used under 7000
car,Iphone 12 Apple128g Black,Iphone 12
car,Kia sedan new under $36k,Kia new under 25000
car,Mercedes 2021 SUV brand new in red paint job,nissan new under 10000
car,New 2022 Cadillac black V6 CA under $50000,New Nissan SUV
car,Nissan altima 2010 5000 miles,Honda accord red
car,One owner SUV used well-maintained blue no damage,Honda Pilot used
car,Red Volvo SUV under $50000 with heated seats,silver SUV
car,SUBARU 200K MILES OR LESS HATCHBACK MAUAL TRANSMISSION UNDER $6000,USED CAMRY CLEAN TITLE
car,TVS company 2020 model ssingle owner black color at texas milage 200km,suzuki  car $8000 model 2018
car,Tayota supra custom paint job 36000 miles barely used open to offers under $20000,Tayota supra 36000 miles V8 with rims
car,The price of model 2017 blue toyota was $20000 in TX.,The price of black Honda sedan was $30000
car,The transmission and the type is too expensive and the cylinder works so perfect,The model is updated
car,Toyota Prius black used Florida under $10000,Honda new 2021
car,Toyota SUV 6 cylinders and under $20000,Honda used year 2018
car,Toyota truck 2002 white used,citroen used under 2000
car,Used Ford F-350 diesel truck with long bed and 4-wheel drive,New white Subaru Ascent
car,Used white or red Scorpio less than 60000 km less than Rs 500000 single owner,White Mahindra Scorpio year 2015
car,What is the pay for the job?,How do you get a job at HUD?
car,What is the price of toyota?,What is the condition of toyota?
car,black Audi a4 less than 20000 miles,Audi used under 4000
car,black Subaru under 150000 miles used like new 2000 or later,white Toyota under $15000
car,black jeep cherokee 2017 under $20000,jeep cherokee 2017
car,bmw less than 300000 miles under $20000,audi is under 1000000
car,can get hond sedan,used car
car,condition,price
car,dodge RAM 250 black color 4wheel drive 4 cylinders 150K $12500,dodge RAM black color Colorado
car,ferarri red cabrio less than 100000 miles and under $20000,bmw new manual under 10000
car,fiat 500 soprta i 6000,fiat 500 sotto i 6000
car,ford ram 250 100000 miles 2 door 4 cylinders,virginia ford 2door $3400
car,ford v8 truck tow package spray in bedliner,ford f150 low miles
car,honda 200k miles 15k,toyota 5000
car,honda 200k miles <15000k,toyota 5k
car,honda 200k miles under $15000,toyota 5000
car,honda amaze 300000  $30000,maruthi under 10000
car,honda civics in texas for under $10000 from before 2010,tesla model s colors
car,honda sedan manufacturing sector is very safty,toyota  car model fasionate
car,honda sedan under $15000,used car
car,how many milege for this model,what is car company name
car,how much price for honda sedan model,who is manufacturer for this company
car,light grey honda pilot all wheel drive 2010 - 2015,honda pilot dark grey
car,mazda miada t-top under $10000 red or green,fiat convertible low miles
car,new Prius less than 250k miles blue or green in California,new Subaru under $20000
car,new bmw 4 wheel drive v6 engine under 35000,used toyota 2002 good condition
car,nissan leaf 2007 new battery used under $10000,honda new over 10000
car,nissan leaf electric used under $10000 new battery,honda new over 1000
car,red honda fit 2017 used under 100k miles,used lead like new
car,toyato less than 29000  miles amd under $15000,Honda used under 2000
car,toyota SUV less than 5000 miles and under $50000,audi new 2022 blue
car,toyota hatchback 2 seater under 3500,ford 100K under 2000
car,used 2019 white lincoln aviator with cream leather interior and air conditioned seats,new lincoln aviator
car,used vehicle with minimal mileage and low pricing,used vehicle for less than 5000
car,what type of music system in this model,what is price of 1st model
computer science jobs,"Analyst, 50k-70k, four year degree, one years experience, New York,, medium sized company, Social Sevices","Editor Analyst, 30k-50k, two years experience, Tampa Florida, medium sized company"
computer science jobs,"Data science manager, private company , $45K, New York, engines","Business Analyst, Art company, $10k, london,"
computer science jobs,"Linux system administrator level 2 position private company $32K starting Houston, Texas",Linux system administrator $15/hr houston
computer science jobs,"Senior Data Scientist Job, Private Company, Masters Degree, 90k or 100k in Arizona",Senior Data Analyst $75k Arizona
computer science jobs,"computer science = ""Consultant"" and salary > 20000€","computer science = ""Consultant"""
computer science jobs,"data science, private, 80-90k",data scientist
computer science jobs,"high paying, west, senior, experience, career","career, south, experience, pay"
computer science jobs,"networking with bachlors $45k under 25,000 employees",$35k information tecnology start up
computer science jobs,"scientist job location is NY, salary range is $100,000-$150,000, founded in 2002","data analyst $150,000 salary bachelors degree required"
computer science jobs,"senior business analyst  at texas ,tech group of company $50k - $60k",data analyst in tech team califoornia
computer science jobs,Business analyst $45k per year computer science bachelor Navi mumbai,"Digital marketing executive, 3 years experience, IT"
computer science jobs,Business analyst for accounting firm must have 4 year degree and 5 years working experience salary negotiable,IT for health care collective must have 4 years experience
computer science jobs,California Data Science Job,Alabama Senior Data Scientist
computer science jobs,Can the company offer a 401k?,How much money can have a scientist have?
computer science jobs,DATA ENTRY MANAGER,DEGREE
computer science jobs,DATA MANAGER JOB PRIVATE COMPANY $60K OR $ 80K IN NEW YORK,JENIOR DATE MANAGER $50K ALABAMA
computer science jobs,Dallas data analyst $85k MBA required has 401k,Data analyst IBM $75K
computer science jobs,Data Analyst Remote Contract $50k evening shift,Database Analyst Tampa Florida
computer science jobs,Data Scientist Manager GOOD experience $80K or $90K in TEXAS,DATA  ANALYST JOBS
computer science jobs,Data Scientist Manager Master's degree in Southern California Healthcare,Software engineer entry level
computer science jobs,Data Scientist Manager Microsoft $140K 5 years experience in Paris France,Senior Scientist $140K Kentucky
computer science jobs,Data Scientist Manager in Texas public company $90k bachelor’s degree,"Network Analyst $80,000 Dallas TX"
computer science jobs,Data Scientist Manager private  job in IT sector  of $90K salary requires 15+ year experience,Business  analyst job of $60K salary requires 10 years  experience
computer science jobs,Data Scientist Manager private company $70K in alabama,Business analyst $55K california
computer science jobs,Data Scientist manager salary and qualifications in Texas 100 employees,Business analyst qualifications
computer science jobs,Data analyst job private company $50k or $60k in Texas,Senior packing specialist $60K Texas
computer science jobs,Data science 60k,Looking for database specialized 56999
computer science jobs,Data science private company $80K or $90K in California,senior data scientist $74K Alabama
computer science jobs,Data scientist manager $80K Technology in Florida,business analyst $65K in Washington
computer science jobs,Data scientist manager job private company $100,senior data scientist manager $100
computer science jobs,Full Stack Engineer Master's Degree Government Sector in MO over $85K,Software Engineer $60000 AK
computer science jobs,Healthcare Data Scientist Manager Indiana $80K 5 years experience,Senior Scientist Seattle $100K
computer science jobs,Job title (Data Science) Salary Estimate yearly 102K Qualifications (bachelor's Degree 3-5 Year's experience Company name Code3 Sacramento California global employees 225 founded in 2010,Job Title (Senior Data Scientist) Salary Estimate $74k-$103k Quailfactions (Bachelors Degree3-5 years experience) Company Name Betterteam Birgham Alabama
computer science jobs,Junior scientist position new york experience required in JAVA and C++ paying $36000 a year plus holiday,Junior data scientist position $36000 a year new york
computer science jobs,Master Programmer for growing software company at least 8 years experience $150k per year good benefits in Houston Texas,Software Engineer $75000 Salary in Lisbon
computer science jobs,Master degrees IBM New York Data Scientist $150K,Business Analyst ibm New York $100k
computer science jobs,Mobile application developer seattle washington 100k with benifits,software engineer portland 90k
computer science jobs,Nurse with 4 year degree $60k to $80k salary in colorado,Nurse $50K colorado
computer science jobs,Private company seeking a canidate that pays 80k to 90a year. Must live in California,The job location is in Alabama. You would be a senior data scientist. The salary is bery good at 74K a year
computer science jobs,Privately owned prison $50K Iowa no degree Part time,4 years experience Business Analyst Colorado
computer science jobs,Programmer analyst 10 years experience starting at $81K minimum MSc with 15 years experience in Washington,Software developer BS in computer science 5 years experience
computer science jobs,Research assistant medical Indiana bachelor's degree 70k,Event coordinator 60k 5 years experience
computer science jobs,SYSTEMS ADMINISTRATOR JOB 75K REMOTE OR IN OHIO PATH TO ADVANCEMENT,ENTRY LEVEL NETWORKING JOB
computer science jobs,Salary estimate,Job title
computer science jobs,Senior Business Analyst 15 year experience $150k in New Brunswick,"business analyst, MS in IT, Google"
computer science jobs,Senior Technical Artist 3+ years experience Facebook gaming in Silicon Valley $100K+,Customer Service Consultant Florida $27K
computer science jobs,Senior business analyst $115k for Dallas Computing Firm,computer game developer Austin
computer science jobs,Senior business analyst job private sector $100K to $120K located out of Washington,Executive data manager $60K kansas
computer science jobs,Senior full-stack developer 15 years experience in finance industry $150k bay area,Junior programmer $80k Boston BS
computer science jobs,Senior management data analyst position with 401k and health benefits,Assistant IT manager Colorado
computer science jobs,Senior programmer for health care provider in Dallas Masters degree required,Data analyst for bank in Texas
computer science jobs,Sofatware Developing Job private $100k  Seniority level in Atlanta,Software developer $100K Georgia
computer science jobs,Software developer jobs in USA paying 1000000 USD pa in Google or Amazon,Java programmer jobs
computer science jobs,The data scientist manager in private company should have experience of 5-6 years with the estimated salary of $85K in Texas.,The salary of Business Analyst is $80K in Texas.
computer science jobs,The degree must be post graduate and also need to have years of experience,Salary estimation will be depends on qualification
computer science jobs,We suspect that a scarcity of resources trained in the newer open source tools creates demand that bids up salaries compared to the more mature commercial cluster tools.,"As a person functioning in the role, you have to troubleshoot database issues while also executing the database procedures. Being a manager, you'll also supervise the database team."
computer science jobs,What is the average salary in a data science job private company in california?,What is the salary of senior data scientist?
computer science jobs,What is the salary of data science job?,What is the qualification for senior data scientist?
computer science jobs,business analyst for health care company $60k to $75k range salary in oregon,health care business analyst oregon
computer science jobs,business analyst job government &120K or $130K in illinois,business analyst $50K atlanta
computer science jobs,business analyst job opening at microsoft with no experiance in Washington state with good salary,business analyst salary estimate arkansas
computer science jobs,business analyst job private company $70k or  $80k,senior data manager at health care sector
computer science jobs,computer engineer helpdesk military security online router,software developer helpdesk
computer science jobs,cybersecurity analyst high starting pay in CA,information security high-paying jobs
computer science jobs,data engineer at least $100k California or new york,data engineer california
computer science jobs,data entry operator private company $80k or $90k in washington,senior data entry operator $74k florida
computer science jobs,data science job is google company salary $80k,data scientis is complicated job
computer science jobs,data science job private $70K or $80K in california,senior data scientist $55K alabama
computer science jobs,data science job private company $100K or $150K in newyork,junior data scientist $88K North Dakota
computer science jobs,data science job private company $77K or 88K in california,senior data scientist $89K alabama
computer science jobs,data science job private company $80K or $90K in california,senior data scientist $74K alabama
computer science jobs,data science job private company $80K or 90,senior data scientist $ 74K alabama
computer science jobs,data science job private company $88 K or $99K in california,senior data scientist $88K alabama
computer science jobs,data science job private company $89K or $90K in california,senior data scientist $89K alabama
computer science jobs,data science job private company$80K or $90K in california,senior data scientist $74K alabama
computer science jobs,data science job public $80k or $90k in Washington,junior data scientist $54k kansas
computer science jobs,data science private 80 to 90 k,data scientist
computer science jobs,data science private 80-90k,data scientist
computer science jobs,data science private 80-90k,data scientist 74k
computer science jobs,data science,senior data scientist
computer science jobs,data scientist manager job private company $80k or $90k in america,data scientist manager  in midland for 20000$
computer science jobs,data scientist,analyst
computer science jobs,database manager jobs austin texas $100k in healthcare,database manager job near me
computer science jobs,entry level data analyst government local $50k chicago,entry level data analyst $50k illinois
computer science jobs,entry level data assistant R Excel Tableau $45k Chicago area,entry level data assistant $45k Chicago
computer science jobs,fiat 500 sopra i 6000,fiat 500 sotto i 6000
computer science jobs,is  there any healthcare sector,how much salary for business analyst
computer science jobs,it analyst public company $100k in Georgia healthcare 5 years,it engineer $70k Georgia
computer science jobs,manager business analyst 100000 new england,Entry data scientist california
computer science jobs,masters degree google el paso database administrator 120k,engineer 84k seattle
computer science jobs,python artificial intelligence minimum five years experience,java expert masters degree
computer science jobs,senior computer programmer job private company $90K to $120K in new york,senior business analyst $46K texas
computer science jobs,senior data science program 85000 Texas,junior data analyst
computer science jobs,senior data scientist job private company $70k or $80 k in alabama,Junior data scientist $60k california
computer science jobs,senior data scientist qualified experience more than 20 years,need computer analyst manager
computer science jobs,senior scientist company $60k or $ 70k in pasadena,senior business analyst $65k alabama
computer science jobs,senior scientist founder phd 24 years work experience $145K,senior scientist phd california
computer science jobs,senior scientist job private company in california,data scientist manager $56k alabama
computer science jobs,software developer remote company $95k information technology new york,junior data engineer $50k london
computer science jobs,web developer jobs over $80k full time remote,chicago software engineer jobs
computer science jobs,what is the nature of work for  Data Scientist Manager,what is salary for senior scientist
computer science jobs,what is the nature work for Data Scientist Manager,where is located your concern
furniture,"Black nightstand no more than 26"" W between $25 to $45",black nightstand under $45
furniture,"California King sized platform bed frame, weathered gray with built in  storage",black chair
furniture,"New Kitchen Bar Stool, Black, Wood, 35 in by 37 in","Bar stools, Black, Wood"
furniture,"SELECT bar stool FROM furniture WHERE kitchen, AND Color= brown AND size 111 by 146m",SELECT  cabinet from furniture where material=mahogany or walnut
furniture,"What are the price, color, and dimensions of the brown kitchen bar stool?",What price is the mahogany kitchen cabinet?
furniture,"category = ""beds""  and price > 200$","category = ""beds"""
furniture,"kitchen countertop granite or stone, black or brown",dining table bar height or standard
furniture,"material, durability, shape, price, dimension.","shape, price, dimension"
furniture,"new kitchen dining table solid brown 48"" L x 30"" D x 29"" H",kitchen countertop marble or granite
furniture,"new shower , 120 $, 70 by 120 meters, porcelain","bed, 220 by 200 meters, solid wood"
furniture,"red or green cedar and cherry nightstands for $1000 or less and at least 2"" high",ebony rocking chairs under $1500
furniture,111,wainut
furniture,111by146meters,walnut
furniture,146,walnut
furniture,6 drawer bedroom dresser light color 32 by 68 inches,bedroom dresser oak
furniture,Antique master bedroom side table maple wood,Double bed mattress soft
furniture,Bar Stool,Kitchen Cabinets
furniture,Bar tables brown contemporary style length 45 Inches,Kitchen wood Bar cabinet
furniture,Blue cloth 3 seat sofa 56 inches long,3 shelf cherry book case
furniture,Brand new kitchen table in pine with full matching chair set with blue upholstery.,Kitchen table in pine with matching chairs
furniture,CHIMENEY SILVER,WALNUT
furniture,Chair that has differs dimensions to make it a bar stool,Cabinet in different colors
furniture,Dinning table and chairs oak under $750,night stand $150
furniture,Eames Lounge Chair and Ottoman Standard with Pearl leather upholstery,leopard accent chair
furniture,Fireplace with red brick 4 by 4,Night stand black or white
furniture,How the bar stool can be fixed according to the dimensions?,What is the color of the kitchen cabinet mahogany?
furniture,KITCHEN DINING SET WITH  TABLE AND 6 CHAIRS 4FEET HIGH &44,SOFA $50ROYAL BLUE COLOR
furniture,KITCHEN ISLAND OAK OR PINE SEATS 4 BUILT IN STORAGE WIRED FOR ELECTRICITY,CHERRY BREAKFAST NOOK
furniture,Kitchen cupboard with mat finish 2 foot wide,wooden bed under $150
furniture,Kitchen table seats 8 walnut stained natural wood,Black painted dresser with 4 drawers
furniture,Master Bedroom Dresser with Mirror black with silver,dresser black with mirror
furniture,NEW KITCHEN BAR STOOL BROWN 111 BY 10 METERS,KITCHEN CABINET WALNUT
furniture,New 100 met gold stool,New kitch dink 3000
furniture,New Kitchen Island Marble 2m by 1m,Used Double Bed
furniture,New black genuine leather sofa less than 7 feet under $400,Bunkbed under $250
furniture,New blue mid centrury modern couch with walnut legs,Beige mid-century modern chair
furniture,New brown wooden dining room table chair,Brown wooden chair
furniture,New chair about 25in off the ground,Looking for general furnishings and general information and styles
furniture,New closed kitchen sink,New kitchen stove brown
furniture,New kitchen bar is with the dimension,Which category it is
furniture,New living room couch grey 95 by 95 inches,Bed dimensions for guest room
furniture,New matress queen size and must have 7 inch memory foam matteress with cooling gEL and oak stands,new bed oak and memory foam
furniture,New or used bookshelf wood metal dark brown,bookshelf used wood
furniture,New queen bed mahogany 1 meter height $1000 or less,Black sofa $500 and under
furniture,Rosewood or ebony king size bed with purchase papers and below 10000 pounds,Rosewood chairs
furniture,SOFA 4 SEATER UNDER 10000 BLUE COLOR,SOFA UNDER 6000
furniture,Stools by Emeco,Wal nut
furniture,Tall dark real wooden bookcase over 1.5m tall with at least 6 shelves for under $1000,Small computer desk under $30
furniture,The price of pink bed in Texas was $1500 with dimensions of 100 by 150m,The brown furniture in the showroom costs $50
furniture,Used Oak 1-2m Dining Room table with 6 chairs for under $500,2m Blue Sofa
furniture,Used kitchen chair in wood pine,Kitchen chair in pine
furniture,What is the dimensions of the new kitchen bar and the MOc?,What is the material of construction od kitchen cabinet?
furniture,amish made farmstyle table unstained,canopy bed frame walnut
furniture,bar stools 2 ft 6in 4 numbers black and steel combo,bunker bed metal frame 6x3
furniture,bathroom faucet silver new $100 over,bathroom counter marble white
furniture,brown oak desk 200 150 by 300,white desk 200
furniture,cocobolo wood office table 3 ft by 5 ft light brown finish,king size mattress $65
furniture,dining table 200 x 100 cm glass $700 or less,pine bed king size
furniture,dining table brown 200 by 500 meters $100,bedroom wardrobe 500 black
furniture,dining table with 8 chairs no longer than 8 feet long under 1000 with free delivery,green sectional sofa
furniture,extravagant custom cabinets for entire house,small affordable bathroom cabinet
furniture,fiat 500 sopra i 6000,fiat 500 sotto i 6000
furniture,gently used oak wood table and chairs set,bed
furniture,gray tufted 6 seater sectional sofa,gray couch
furniture,how many cubboards in the kitchen,what wood for using these furniture
furniture,is there double or single bed,what is the color for furniture
furniture,is this modular or traditional kitchen,what type wood using for furniture
furniture,king size bed teak 7x7,bed mahagony off white color
furniture,kitchen bar stool brown,kitchen cabinet
furniture,kitchen bar stool,kitchen cabinet
furniture,kitchen table walnut under $50 45 by 32 inches,kitchen table brown under $50
furniture,modular kitchen set very low cost in California city,brought now modular kitchen
furniture,never been used queen mattress pillow top,modern couch permanent cushions
furniture,new bathroom stool brown 111 by 156 meters,kitchen cabinet mahogany or walnut
furniture,new bedroom nightstand glass top 36 to 45 inches tall,queen bed white or offwhite
furniture,new bookshelf black with drawers 5 feet tall,brown recliner chairs
furniture,new chair black or white $50 or $60,beds gray or white
furniture,new couch brown 7 ft long,living room couch brown or black
furniture,new extending wooden table 1x3 meters green or white under $1000,large green sofa
furniture,new kitchen bar stool brown 111 by 146 meters,kitchen cabinet mahogany or walnut
furniture,new kitchen bar stool brown 111 by 164 meters,what type of chair is that
furniture,new kitchen bar stool brown 122 by 156 meters,kitchen cabinet mahogany or pista
furniture,new kitchen bar stool brown 122 by 156 meters,kitchen cabinet mahogany or walnut
furniture,new kitchen bar stool brown 333 by 176 meters,kitchen cabinet mahogany or pista
furniture,new mahogany  cabinets for kitchen or office,cabinets mahogany or walnut
furniture,new sofa is wonderfull furniture,sofa is very soft
furniture,new white and black beds at $100 111by 120 meters,pink bed at $1000
furniture,oak dresser under 11x7 feet under 2000 dark brown,dinner table brown under 500
furniture,oak queen bed blonde stain headboard and footboard,queen bed no footboard
furniture,pink colour bed 217 by 150mts,bar furnitures or beds
furniture,queen size bed white metal frame under 500 dollars,bedroom set white or beige
furniture,queen size bed with pink metal frame and pink or white vanity under $2500,green table under $500
furniture,red and black Bar furniture set under 1000$,Beds for sale
furniture,red cedar or maple rocking chair under $1300 2 meters height,grey wooden table
furniture,rustic counter height white and black bar stools metal,white bar stools
furniture,set of 4 black leather barstools 1.4 meters chrome bases,barstool black leather new
furniture,sofa couch black two seater recline,kitchen counter marble or granite
furniture,solid oak 8 person dining room table,green love seat new
furniture,tall bar stool brown,brown cabinet
furniture,tv stand in brown or black 5 foot in height 10 foot in width,bedroom dresser wood or metal
furniture,used blue 10 by 14 inches desk mahogany,table green $20
furniture,used cedar chest 1800s drawers,love seat velvet
furniture,used student desk white pine 4 by 7 ft,coffee table 5 ft by 3 ft
furniture,used three seater sofa black armless 15 by 5 feet,Sofa black leather armless
furniture,used twin wooden bed frame price,full sized bed frame
furniture,what survey future plane and ideas,what future plane
furniture,white day bed full size metal or plastic,black bed twin size
furniture,white wooden bedroom bed 110 by 220,white bedroom bed
housing,"3 bed, 1 bathroom, semi-detached house in kent with garden and off street parking","3bed, 1 bathroom house"
housing,"Apartment near Monash University,bulit in  early 2000's with single bedroom and two bathrooms,high-rise apartment with beautiful view","Single bedroom apartments in sydney, rent $300"
housing,"East Rochester duplex two beds, two bath $1500",Rochester apt two bedrooms
housing,"Everett Washington townhouse $500,000 or under 3 bedroom 2 bathroom at least 7 rooms",Hillsboro apartment 2 bedroom
housing,"Longview Washington Tudor Home $500,000 or over 5 bedroom 3 bathroom built after 2000",Irvine mansion 5 bedroom
housing,"New build, 1 Bed flat in London, under £1000 per month, close to train station","1 bed, flat, London,"
housing,"Sevierville, house, close to town center,  built after 2000 with 4 bedrooms","Sevierville, house, four bedroom"
housing,"Single family home with 4 BDR, 2 BATH, 2-car garage in Los Angeles, CA for $790,000 built in 1990",Single family home with 3 BDR
housing,"Southwark,  Newington, 5 rooms, apartment built in the 1968 , with 2 bedrooms and two bathrooms","Wandsworth, london street, 4 rooms , hose"
housing,"Sydney House with 6 bedrooms, 5 bathrooms and parking in the city.",Adelaide apartment with one bedroom under 5 years old
housing,"chicago suburb townhouse transportation ""built within 10 years"" three bed",chicago townhouse three bed 200k
housing,"golden co duplex, yard, garage and 2 bathrooms less than 3000",4 bedroom house built in 1990 denver co
housing,"home, family, roomy, centered, modern","small, tiny, budget, single"
housing,"house should have  attached bathroom and much more,",nebtleigh apt 1000 per month double bed
housing,"housing address = ""via roma 111"" and apartament type = ""flat""","housing address = ""via roma 111"""
housing,"melbourne, close to city center, apartment, 2 bathrooms, built after 1980",nebtleigh apt 8000 per month single bed
housing,"new york apartment close to stores, 2 bedroom, 1 bathroom, with car garage",150 font apt 1000 per month 1 bed
housing,"oak park or chicago apartment near lake avenue, 2016 or newer, with 2 or 3 bedrooms.",3 rooms 2021 apartment
housing,"size, no of rooms,no of bedroom, price, car, tile, furnished","size, no of bathrooms, year bult"
housing,1 bedroom apt pets allowed within 20 miles of Washington D.C. area,2 bed apt Atlanta GA
housing,16000,10000
housing,16000,nebteigh apt 4000 per month
housing,1650 sq. feet building available for rental 10000 per month,New apartment build in two bedrooms look like suburb and fasionate
housing,1970s era house with 5 bedrooms and 3 bathrooms with a car 5000 per month,4 bedroom 2 bathroom apartment
housing,2 Bedroom apartment in downtown Denver,Suburban home with 3 bedrooms
housing,2 bedroom 2 bath condo downtown not car dependent,2 bedroom 2 bath
housing,3 bathroom city no car 1950 new york,no car 1950 bellevue 4 bed
housing,3 bed 2 bath apartments in dallas with no pet free under $1800 a month,dallas new build homes
housing,3 bedroom 2 bath house with acreage built after 2000,2 bedroom apt less then 1800
housing,3960,4000
housing,4 bedroom 2 bath family home $500k Springfield suburbs,3 bedroom apartment Milwaukee
housing,4 bedroom Dallas apartment with pool access close to the airport  and restaurants,Dallas apartment 3 bedrooms 1 bath
housing,4 bedroom duplex car park 10 years old near Vox Hall downtown Chicago,2 bedroom 2 bath rent $5000
housing,AFTER 1990 WITH 3 BATHROOMS,7000 PER MONTH IS SINGLE BED
housing,Alexan CityCentre apartments now leasing,12 Best Bed Frames of 2021
housing,Alexandria no parking spot townhouse pets yes no dogs no cats,Arlington duplex basement
housing,Apartment complex near costco,2 bedroom 800 per month
housing,Apartments for rent 1000 a minth in lorain,Two bedroom house with available parking
housing,CONDO FOR SALE GRAND HAVEN BEACHFRONT DOWNTOWN ACCESS 4 BEDROOMS,DUPLEX FOR RENT
housing,Chicago area house under 200k built after 2010 3 bath,Naperville apartment 2 bed
housing,Dallas apartmemt oak cliff neighborhood with 2 bedrooms 1 bathroom built after 2000,3 bedroom house 2 bathrooms dallas TX
housing,Dallas house less than 40 mile commute built after 2000 attached garage,Chicago wharf 2BR apartment
housing,Georgia house urban built after 2000 with 4 bathrooms,rural apartment 2000 per month
housing,Housing,Housing
housing,How many bedrooms are there?,What is the address of the above nebtleigh?
housing,Looking to buy a large mansion and Estate of around  30 acres near London at less than 10 million pounds,Wanted a triple bedroom house in Bangkok
housing,Luxury house with 3 bedrooms and 2 baths $20000,House for rent
housing,Manhattan apartment near times square 2 bed 1 bath under $6000 month,Westport apt 1400 per month single bedroom
housing,Melbourne Apartment 2 bathrooms,8000 per single
housing,New house with 2bedrooms 1bathroom near to bussiness school  well developing city,new apartment with 3bedrooms and carparking
housing,New york high rise apartment studio with view only 1200 a month rent,New york apartment 1200 month
housing,Newer studio apartment in business district under $1500 a month,One bedroom under $1000
housing,One bedroom two bath apartment close to city,8000 per month one bed apartment
housing,Palmdale apartment close to antelope valley mall 3 bedroom,Littlerock apt 800 per month
housing,Pet-friendly Chicago apartment less than 3500 per month with 2 bedrooms,3 bed house
housing,Sheppard Avenue East apartment with 5 bedrooms,"1 BHK apt 18,000  per month."
housing,Suburban 2bhk house with atleast 3 separate bathrooms near Panvel area.,1bhk house with car parking.
housing,Sydney apartment 2 bedrooms 2 bathrooms car (yes),Suburb built before 1900 2 bedrooms 1 bath
housing,Sydney four bedroom two bath house,monthly apartment rental
housing,The building available sqr. feet 1650 3 bedrooms,2019 year house available for rental 10000 per month double bedrood
housing,Two bedroom one bath move in ready,Single 3 bedroom home
housing,Two bedroom two bath apartment new bill 1300 a month,Queen size bed 300 per month
housing,Villa type mansion under 2 million AUSD  required for purchase in Perth,Single bedroom apartment under 1000 pm
housing,Washington D.C. mansion near 1600 Pennsylvania Avenue built in 1800sat least 4 bedrooms and at least 3 bathrooms,Tempe apartment $1500 per month or less
housing,Where is the closest apartment to the shopping center?,Can I get a cheap bed for my apartment?
housing,apartment built in less than 2 years with  bed room and 2 bathrooms per month $9000,apartment with 3 bed rooms and 2 bath rooms
housing,boston apartment 4 bedroom 4 bathroom built after 1960,suburb house 4 bedroom
housing,bridgeview apartments close to mall 2 bedroom,apartment 457
housing,brooklyn loft no roommates disinterested neighbors,chesterfield duplex no roommates
housing,car parking is yes or not,how many sqft of kitchen
housing,city apartment close to shopping center newly remodeled with 1 bedroom,Suburb townhouse 2500 per month 3 bedrooms
housing,city center with 3 bedrooms,car rent monthly 10000
housing,downtown Bridgeport 3 bedroom house 10 years old $250000,2 bedroom house 10 years old
housing,find apartments near me with 2 bathrooms built after 1980,1 bedroom apartment for rent
housing,hobbs apartment close to city center built after 1980 with 3 bathrooms,nebtleigh apt 9000 per month single bed
housing,house built in 1990,condo two bedrooms
housing,house with 3 bed 2 bath 1000 per month or less with attached garage in rural area,house located in rural area with 3 bedrooms
housing,housing built after 1975 with 4 bedrooms 2 bathrooms,housing authority apartment based off income
housing,how many rooms in this house,where is located
housing,jnkjhjg,gvchgcgfc
housing,melbourne apartment close to city center built after 1980 with 2 bathrooms,nebtleigh apt 8000 per month single bed
housing,melbourne apartment close to city center built after 1980 with 2 bathroooms,nebtleigh apt 8000 per month single bed
housing,melbourne apartment close to city center built after 1980 with 3 bathrooms,netbleigh apt 9000 per month single bed
housing,melbourne apartment close to city center built after 1980 with 3 bathrooms,netleigh apt 6000 per month single bed
housing,melbourne apartment close to city center built after 1989 with 3 bathrooms,nebtleigh apt 9000 per month single bed
housing,melbourne apartment close to village center built befor 1985 with 1 bathroom,nebtleigh apt 7000 per week single bed
housing,melbourne apartment open to city center built before 1980 with 2 bathroooms,nebtleigh apt 8000 per month double bed rooms
housing,melbourne city center 2 bedrooms,nebtleigh 8000 month
housing,multi room apartment no roommates near center city,studio apartment desirable neighborhood
housing,near an airport apartment built in 1992 9000 per month with single bedroom and a bathroom,bungalow built in 1984 with 2 bedrooms and 1 bathroom
housing,nebtleigh apartment close to city enter with 2 bathroom,ward apartment apt 7000per month single bed
housing,new york city flat close to times square,seattle house 4000 per month three bed
housing,new york house close to train station double bed,london apartment 500 per week double bed
housing,off campus 4 bedroom 2 bath house with 2 car garage,2 bedroom student housing
housing,old and beside a potentially loud busy old building,move back home with yoyr parent's
housing,plano apartment close to city center built after 1980 with 2 bathroooms,plano apt 5000 per month single bed
housing,rent to own single family home in barboursville,single family home
housing,san bernardino studio apt close to airport 1 person,studio apt 1 person
housing,san francisco near university built after 2000 3 bathrooms,brooklyn apt 10000 per month 2 bedrooms
housing,single family home 3 bedroom with garage in east school district,3 bedroom town home
housing,stone garden home at least 1 acre and at least 5 bedrooms,"san francisco,ca apartment less than $2600"
housing,suburb Single family 4 bedroom 2.5 bath car (yes),city Apt 2 bedroom under $1500 per month
housing,vienna apartment in the city center with 2 bedrooms and 1 bathroom,apt 3 bedrooms 2 bathrooms built after 1990
housing,what is the nearest landmark for this apartment,how many number of bedrooms available here
jewelry,"( [""anniversary"",""bracelet""] in category) and ((metal eq ""silver"") or (metal eq ""gold"")) and (gender eq ""F"") and (cost eq 100) and (currency eq ""USD"")","(type eq ""wedding ring"") and (cost lt 1000) and (currency eq ""USD"")"
jewelry,"Childs, Crucifix necklace on gold chain, silver or gold, less than £50, Brand new",Crucifix necklace  on gold chain
jewelry,"Diamond ear rings for her, gold plated for more than $500",Silver necklaces for sale
jewelry,"Ladies, engagement ring, white gold with diamonds, under £1500, Brand New","Engagement ring, white gold, under £500"
jewelry,"Silver necklace for $750 on sale from $999 that is 16"" long.",Earrings that are gold.
jewelry,"Single stone ring in Platinum,best designs,should be classy, price $2000",Platinum rings for wedding under $2000
jewelry,"The price of platinum round cable chain 3.88mm was $1,800 in Porcello's Jeweler.",The 3 stone drop diamond pendant $6000
jewelry,"White gold bracelet for man, with precious stones",gold bracelet less than $2000
jewelry,"a combo of wedding band, ring, necklace at affordable price $500 color options gold and silver",Couple ring set for best price $50
jewelry,"anniversary bracelet, $100, silver or gold, for her",wedding rings
jewelry,"jewerly type = ""ring"" and color = ""gold""","jewerly type = ""ring"""
jewelry,"necklace matching ring, bracelet green color $220",bracelet gold color $125
jewelry,"necklace$5000, ring $  1000,bracelet gold 10000","wedding band blue  $500, earring $1000"
jewelry,"perfect, stylish, unique, love, special, fine, precious","affordable, wide range, budget, untraditional stones"
jewelry,"select type,price,color from jewelry where price=100 and color in ('silver','gold') and type='bracelet';","select type,price,color from jewelry where price < 1000 and type='ring'"
jewelry,"size, color, craftman, weight, carat","size, color, manufacturer"
jewelry,1 carat solitaire engagement ring size 6 $2000,engagement ring 2000
jewelry,14K Gold Anniversary Ring $5800,Sterling Silver Earrings $50
jewelry,1CT Diamond Engagement ring 10K White golder under 5000,gold bracelet under $3000
jewelry,200,750
jewelry,24 karat diamond ring worth millions,Golden anklets worth $500
jewelry,24 karot gold rings with diamonds for wife,cheap earrings for $20
jewelry,24K gold wedding ring under $2000 with matching engagement ring,silver engraved chain necklace
jewelry,24ct gold hoops earrings for her $450,silver earrings
jewelry,24k Gold Chain with cross and engraving,24k Gold Chain
jewelry,24k gold and 10k plated gold post earrings $200,bracelets on sale
jewelry,50,500
jewelry,50th anniversary diamond and pearl necklace and bracelet set over $5000,emerald ring less than $850
jewelry,ANNIVERSARY BRACELET FOR HER GOLD $1000,WEDDING RINGS LESS THAN $1500
jewelry,Anniversary ring for him gold or silver $500,Wedding necklace more than $5000
jewelry,Anniversay bracelt for her silver $100,braclet silver $100
jewelry,Black or silver necklace with price less than 500 and more than 100,Black necklace with price less than 200
jewelry,Clip-on Diamond Earrings for girls less than $200,Gold Necklace
jewelry,Diamond wedding ring for women costing 1 million USD,Gold necklaces for women
jewelry,Earrings silver gold $250,pandora bracelet less then $500
jewelry,Festivel Necklace for $1000,birthday earing for gold $900
jewelry,For 100 or less I am looking for a nice bracelet as a gift for my wife,I am inquriring about a wedding ring that is rose gold and bright nice diamonds. Is this available at Tiffany & Co.
jewelry,Gold $100,Price
jewelry,Gold bracelet with white stone under $50,Gold bracelet
jewelry,Is a great anniversary gift available?,Can I find an affordable wedding ring?
jewelry,Jewelry,Jewelry
jewelry,Limited edition cubic ring $7000,Pink ring set
jewelry,Matching wedding sets for him and her $1000 rosegold,rosegold wedding band with necklace
jewelry,Men's large 14 karat gold herringbone bracelet,Gold earrings $100-$200
jewelry,Mothers day necklace with purple gemstones and gold $1000,Birthstone ring
jewelry,Necklace for him gold or platinum 100$,Bracelet less than 75$
jewelry,Necklace for under $500 available in gold and silver,Gold necklaces less than $500
jewelry,New anniversary rings gold 300,Brand new wedding bands less than 3000
jewelry,New earing silver and gold combo $4000 at offfere price sale,kids bracelet in rainbow colors $3000
jewelry,Princess cut diamond engagement ring $1200,14k Gold earrings $500
jewelry,Princess cut flawless diamond engagement ring with matching wedding band,single stone diamond earrings
jewelry,Pure gold earring with a pendant and a matching pattern necklace,silver bracelet less than $500
jewelry,Rose gold Charm Bracelet with Diamonds for under $500,$100 silver necklace
jewelry,SELECT bracelet FROM Jewelry WHERE occasion=anniversary AND gender=female AND material=gold OR material=silver AND price=100,SELECT ring FROM Jewelry WHERE  occasion=wedding AND price<1000
jewelry,Short diamond necklace with silver chain less than $1000 for anniversary,Gold bracelet
jewelry,Silver Wedding Ring with Diamonds for Under $1000,Pearl earrings for less than $ 200
jewelry,Silver anniversary earrings for under $200,Gold bracelet around $250
jewelry,The world leader in ethically sourced jewelry. Discover the Brilliant Earth difference. We offer both in-person and virtual appointments to help you find the perfect ring. Lifetime Warranty. Find Your Ring Size. Ethical Fine Jewelry. Recycled Precious Metals.,"custom design the perfect wedding ring. Shop Now! Browse our handcrafted womens wedding rings. All made to order. Buy Online PickUp InStore. 30 Day Returns & Exchange. Services: Easy Transactions, Quick Response, No Questions"
jewelry,Used wedding rings 3500,Used wedding rings 2500
jewelry,Valentine necklace for her rose gold or gold $150,birthday bracelet less than $50
jewelry,WOMEN'S GOLD OR PLATINUM BAND WITH EMERALD OR RUBY LESS THAN $1000,HEMATITE RINGS
jewelry,Wedding band for him in gold $250,Red Earring less than $200
jewelry,Wedding band with diamond stone 9crt $5000,wedding band only 900
jewelry,Wedding ring for him white gold $600,Diamond earrings less than $500
jewelry,Wedding rings diamonds 1ct white gold $2000,silver necklace butterfly $50
jewelry,Wedding set white gold or platinum $1000,Diamond engagement ring
jewelry,What is the type of jewellery?,what is the price
jewelry,Where can I find anniversary bracelets for females that are silver or gold for less than $100?,Where can I buy wedding rings for less than $1000?
jewelry,White Gold Earrings with Diamonds less than $1000,gold bracelet for him $75
jewelry,White gold ring necklace and bracelt matching set under $1000,White gold wedding bands
jewelry,ancient amulet probably no curses,simple gold necklace ropechain
jewelry,anniversary band for her silver or gold $100,ring pink less than $100
jewelry,anniversary bracelet for her silver or gold $100,Jewelry gold less than $100
jewelry,anniversary bracelet for her silver or gold $100,wedding rings less than $1000
jewelry,anniversary bracelet for her silver or gold $200,wedding rings less than $2000
jewelry,anniversary bracelet for her silver or gold $400,wedding rings less than $3000
jewelry,anniversary chain for her silver or gold $300,wedding rings less than $2000
jewelry,anniversary ring for her silver or gold $150,wedding necklace less the $5000
jewelry,anniversary rings for her silver or gold $400,wedding chain less than $3000
jewelry,anniversery neckless is gold and diamond mixed,wedding earing is look so cute
jewelry,any guarantee for neclace,what is the price for bangle
jewelry,birthday bracelet for her in rose gold or white gold $400,wedding rings more than $500
jewelry,birthday gift necklace for girls $25,bracelet more than $20 blue
jewelry,birthday necklace for her $800,wedding band less than $200
jewelry,birthday ring for him gold or platinum 300$,reception neck chain less than 900$
jewelry,bjhbkjj,kkjjhh
jewelry,blue wedding band silver or gold $500,necklace greater than $1000
jewelry,bracelet for silver is less than $5000,wedding band less than $2000
jewelry,bracelet silver or gold 100,rings <1000
jewelry,cheap 24k gold diamond ring for anniversary,cheap pink diamond earrings
jewelry,dam silver,Looking for a ring for about half that
jewelry,diamond and white gold bracelet $500,gold chain and pendant
jewelry,diamond tennis bracelet platinum or white gold $2000,diamond tennis bracelet
jewelry,do you have latest model for aaram jewellery,how much grams for bangles
jewelry,earings for kids silver or gold $50,earings less than $40
jewelry,earring in gold with diamonds $500,beautiful necklace with red colour
jewelry,earrings for silver or gold $500,wedding band less than $1000
jewelry,engagement ring gold $1000,silver earrings less than $100
jewelry,engraved engagement ring for him silver $200,gold necklace
jewelry,gold karat wedding ring for sale $1500,diamonds earrings for sale
jewelry,gold necklace without pendant large links,gold necklace large links
jewelry,gold or silver anniversary bracelet under $100,wedding jewelry
jewelry,gold or silver earrings for a graduation gift,gold necklace for Mothers Day
jewelry,graduation necklace for her in gold $200,engagement rings less than $2000
jewelry,how many jewellery set do you have,how much rate for earring
jewelry,matched vintage gold weddings bands over $500,vintage gold wedding bands
jewelry,men's sterling silver wedding band with onyx,rose gold dangle earrings
jewelry,mother's ring with up to 4 stones $200,tennis bracelet with charms $200
jewelry,my birthday earning for her gold $600,necklace less than $30000
jewelry,necklace $400,earring  less than $500
jewelry,necklace for her gold or platinum $ 300,bracelets less than $ 2000
jewelry,pearl necklace matching earrings blue color $450,diamond necklace @7700
jewelry,pink diamond necklace and bracelet set  real gold $2500 or over,emerald choker under $5000
jewelry,promise ring for her silver $100,wedding rings more than $1000
jewelry,red and white ruby pearl ankle bracelet $5000 or more,gold earrings $125 or less
jewelry,ring,"ring,earring bracelet,watch"
jewelry,ringsv wo,sharmi looking for rings less than $1000
jewelry,rose gold anklets for her $200,necklaces for less than $500
jewelry,ruby encrusted gold necklace for 2000$,gold earring for 500$ or less
jewelry,ruby gold diamond and emerald watch for him $3500 or under,sapphire bracelet under $10000
jewelry,silver butterfly necklace for woman under 500,gold necklace over 500
jewelry,silver cross necklace between $75 and $150,men's bracelet silver under $150
jewelry,silver earrings with real diamonds and clip-cons,earrings with clips-ons
jewelry,silver or gold bracelet,wedding ring
jewelry,simple necklace unisex gold $300,simple necklace gold
jewelry,size 6 gold ring black star sapphire with Dimond chips,Dimond stud earrings
jewelry,that shop offered Wedding combo deal for men is chain and bracelet for low price,jewelry weeding collections $50000
jewelry,tiffany diamond wedding ring at least $1000,jade bracelet less than $600
jewelry,wedding bracelet for him silver or gold $200,Wedding neckale more than $2000
jewelry,wedding gold ring $1000 big diamond 204 karat,gold ring diamond big
jewelry,wedding gown in pure white with embellishments  under $200,simple wedding gown
jewelry,wedding ring $1000 platinum set double,bracelet green $100
jewelry,wedding ring combo for couples gold $300,necklace less than $1500
jewelry,wedding ring gold $1000,wedding rings less than $500
jewelry,wedding ring gold for her for 100,silver necklaces for 20$
jewelry,wedding ring third try real gold,engagement ring never used
jewelry,what typpe of ring this ?,bracelet price less than $500
jewelry,women's silver necklace and earing set under $200,earrings under $25
motorcycles,"1970 Honda RedWing motorcycle with 9000 KM, one owner for $6,500",1984 Harley Davidson motorcycle
motorcycles,"2007 honda shadow 1.0L less than 3,000 miles with one owner and under $1,000",suzuki motorcycle 750cc
motorcycles,"2010 harley davidson less than 130,000 miles",harley davidson 2005
motorcycles,"2019 Triumph Bonneville less than 10,000 in Florida in black",Used Honda 125
motorcycles,"2020 BMW motorcycle under 25,000 km good condition",2018 BMW  motorcycle
motorcycles,"Bajaj Dominar 400 2017 less than 77,000 sale",Royal Enfield Bullet 350
motorcycles,"Harley Davidson  10,000 for sale  2016",Harley davidson 10k
motorcycles,"Harley Davidson Low Rider year  2000 or newer with under 20,000km on the clock at $5000 or under.",Yamaha 125cc for under $500
motorcycles,"Hellcat 2018, less than 50km drive.","Chevy tahoe, 2015"
motorcycles,"Hero MotoCorp bikes - Hero Motocorp Ltd. Action, adventure, and excitement. It's time to #MakeNewTracks with the new #Xpulse2004V, made with a new 4 valve engine, more power, more torque and much more. #HeroMotoCorp",Amit Motors - Hero MotoCorp (Formerly Hero Honda Motors Ltd.)
motorcycles,"Honda CRF, 1000cc, less than 30000, black, 2016+",honda 600cc Blue
motorcycles,"Honda YBR, 2012, Red, 1 owner, less than 100000","Honda YBR, 2012"
motorcycles,"Royalenfield 350cc 2019 model 1,25000INR","Royal Enfield 350cc price 1,90000INR 2019model owner name kaleeswaran 15,000km"
motorcycles,"TOYOTA MOTORCYCLE SECOND HAND $10000 BLUE COLOR  300,000 MILAGE",SUZUKI MOTORCYCLE 900CC
motorcycles,"The 2021 Suzuki Boulevard M109R B.O.S.S COSTS UPTO $15,249 near Daytona Beach, FL.",The price of red Yamaha motor cycle was $10000 in Texas.
motorcycles,"The Hero Passion Pro motorcycle with a price tag ranging between Rs. 70,375 to Rs. 75,100. 113 cc bs6 engine, the Hero Passion Pro blue colour for sale",Honda Activa 5g 60km/hr mileage
motorcycles,"Used Honda motorcycle use 16,000",Brand new Honda motorcycle 6000
motorcycles,"bajaj dominar, less than 130000, 2017, sale",honda motorcycle 500cc
motorcycles,"ducati xdiavel 2018 less than 20,000 sale",harley davidson motorcycle 2009
motorcycles,"honda,125000,2020,120km",honda hornet 2.0 500cc
motorcycles,"km- driven , engine, color, cylinder capacity, owner, documents","color, price, cylinder capacity"
motorcycles,"manufacturer year, performance, price, model name, km","model name, price, performance, fuel storage"
motorcycles,"motorcycle name = ""yamaha"" and  price < 200","motorcycles name = ""yamaha"""
motorcycles,"select name,price,year,owner,km_driven from motorcycles where name='bajaj dominar 2017' and price < 130000;","select name,price from motorcycles where name='honda motorcycle 500cc';"
motorcycles,$10000 harley silver electric powered,harley davidson under $3000
motorcycles,100000,450cc
motorcycles,1300,500
motorcycles,1940s Indian chief motorcycle original blue and chrome,2021 harley davidson trike
motorcycles,1983 Vespa less than $17000,2020 Harley Davidson under $25000
motorcycles,2012 Pontiac for sale 5000,lincoln mtz 2013
motorcycles,2015 honda shadow motorcycle blue and white,honda shadow motorcycle
motorcycles,2018 honda motorcycle one owner $40000 or less with 20000 km or less,2015 harley davidson 25000 km or less
motorcycles,2019 Ford F-150 XL less than 2000 sale,Hyundai Elantra 2021
motorcycles,2019 Honda Good Condition $5000,Suzuki 600s
motorcycles,2020 Harley Davidson  less than 50000 500cc,2021 Harley Davidson
motorcycles,2020 Honda cb500x for sale 5000$ 10000 miles,harley davidson under 2000$
motorcycles,2020 YZT-R6 1346 miles less than 13000,Yamaha 1000
motorcycles,2021 Harley Davidson Road King on sale,1995 harley motorcyle like new
motorcycles,2021 Harley Davidson cost under 500 km,Motorcycle average price
motorcycles,90000,65000
motorcycles,BMW R 1250 R 2019 less than 50000 sale,BMW motorcycle 500cc 2015
motorcycles,BMW R nine T pure 2019 less than 140000 sale,yamaha motorcycle 400cc
motorcycles,BMW bike 2020 $6300 1500 kms,Harley Davidson 250cc 5000 km
motorcycles,Bajaj CT 100 less than 25000km driven 2018 model,Honda Shine First Hand
motorcycles,Black Ducati low miles custom trim,Harley Davidson handlebar tassels
motorcycles,Black Honda Rebel 250 for sale,new red honda motorcycle
motorcycles,Black harley 2017 for sale $200,Red riding motorcycle
motorcycles,Bmw Explorer 2020 with cases 80000 miles sale,Bmw Explorer 250cc
motorcycles,Buel blast 2001 less than $2000,Buel Blast 500cc
motorcycles,Can I find a good bike with very few miles at this sale?,Can you get me a bike that runs good for this brand?
motorcycles,Ducati 750 GT 1970 1200 km 500000,Harley-Davidson Street Glide 2020 1500 km
motorcycles,Ducati custom low miles price negotiable,Harley black original parts
motorcycles,Ducati motorcycle used red $16k 150k miles,kawasaki motorcycle 750cc
motorcycles,Engine: 999 cc (61.0 cu in) liquid-cooled 4-stroke 16-valve DOHC inline-four,BMW motorcycle  S 1000 XR
motorcycles,Harley Davidson 2014 first owner 5000 km $4200,Harley Davidson 2014 first owner
motorcycles,Harley Davidson 2017 Roadglide 6000 miles,Harley Davidson motorcycle
motorcycles,Harley Davidson 2021 less than 50000,yellow 2021 Vespa
motorcycles,Harley Davidson Electra Glide 2015 less than 100000 miles one owner,Yamaha motorcycle 2015
motorcycles,Harley Davidson Sportster 48 5000 2014 1 owner 6000km,Harley Davidson 1200cc
motorcycles,Hayabusa in red color done less than 10000 km and below 10000 USD,1000 cc used superbikes
motorcycles,Honda dominar 2020 more than 120000 sale,Bajaj motorcycle price $20000
motorcycles,Honda motorcycle $2500 used driven 12k miles black,Harley Davidson motorcycle 1989 vintage
motorcycles,Honda motorcycle 500cc one owner 1200 miles,BMW streetglider 2015
motorcycles,Honda motorcyle 2017 under 130000km for sale,Motorcycle for sale
motorcycles,Honda polite 3000,New honda crv4500
motorcycles,Indian used less than 100000 $10000,BMW  2022 new black
motorcycles,Kawasaki Ninja 2017 less that 6000 used,Harley- Davidson motorcycle 2018
motorcycles,New honda motorcycle 2019 black less than 10000,Red motorcycle
motorcycles,Ninja motorcycle 2015 or newer less than $20000 one owner,Ducati motorcycle less than $10000
motorcycles,OVER 500CC YAMAHA STREET LEGAL PREVIOUSLY OWNED CHROME,1980 GOLDWING
motorcycles,Royal Enfield Classic 350 - 2016 less than 150000 sale,Suzuki GS 150 R - 2009
motorcycles,Stone washed white pearl sportster S,2010 Harley Davidson
motorcycles,Suzuki Access 125 scooty 2019 model single owner 20000km driven $1000 sale,Toyota car 2020 model 2000km milage
motorcycles,Suzuki katana 2018 new or used under 15000,harvey davidson dyna super glide new under $13000
motorcycles,The all new Bajaj Dominar 400 is now available in India for Rs 1.36 lakh,"a confident newbie, or an intermediate rider like me."
motorcycles,Trendy and hot 2021 toyota motorcycle for $1000,2014 Toyota motorcycle for $2000
motorcycles,USA made toyoto motorocycle 1500km less than 10000,toyoto motercycle 2010
motorcycles,Used 5000 honda,Used honda 94 5000
motorcycles,Used honda 2000,Used motorcycle 3000miles 1200
motorcycles,WHICH CAR BEAT OF THE YEAR BETTER THAN FERRARI,HONDA CAR PRICE
motorcycles,Want a ducati monster 797 karnataka registered 2017 below 8 lakh rupees,Pulsar 220 used in kerala
motorcycles,Wanted Bullet chrome 500 cc for less than 1 lakh rupees and less than 40000 km run,Used pulsar 220 for sale
motorcycles,What is minimum price of bajaj?,What is the price of the honda motorcycle 500cc
motorcycles,YAMAHA  MT 07 2017 LESS THAN 8000 SALE,YAMAHA MOTORCYCLE 220CC
motorcycles,YAMAHA dominar less than 120000 sale,HERO motor cycle sales more in 2021
motorcycles,Yamaha sport bike  YZF-R6 price of 12199 and 510 cc year 2019,Harley-Davidson motorcycle 1868 cc
motorcycles,baja truck lifted neon green 15000,Toyota Camry 1987
motorcycles,bajaj 2017 130000,honda 500 cc
motorcycles,bajaj 2017 <130k,honda 500 cc
motorcycles,bajaj dominar 2015 less than 110000 sale,honda motorcycle 750cc
motorcycles,bajaj dominar 2017 less than 100000 sale,honda motorcycle 600cc
motorcycles,bajaj dominar 2017 less than 130000 sale,honda motorcycle 500cc
motorcycles,bajaj dominar 2017 less than 140000 sale,hyundai motorcycle 500cc
motorcycles,bajaj dominar 2018 less than 120000 sale,honda motorcycle 500cc
motorcycles,bajaj dominar,Honda Motorcycle
motorcycles,bejaj dominar 2017 less than 130000 sale,hona motorcycle 500cc
motorcycles,dodge charger 2011 no accidents,Ford truck 20MPG
motorcycles,duster 2020 4x4 drive,dacia car 2.0
motorcycles,extremely poor marketing scheme,popular bike
motorcycles,green chevy malibu 10000 sale 2010,toyota corolla 2005
motorcycles,harley davidson 2020 less than 20000 sale first owner less than 10000 km,motorcycle less than 2000 sale 2015 or later
motorcycles,harley davidson all original parts,harley davidson low mileage
motorcycles,harley davidson pan head less than 20000 kilometers,indian motorcycle 1970
motorcycles,harley rode hog 2020 40000,harley motorcycles for her 500 cc
motorcycles,he is looking for bike under 5000$,she want a mobile
motorcycles,herohonda  1400000,tvs200cc
motorcycles,honda 2015 $10k 1 owner 700cc,yamaha motorcycle 2018
motorcycles,honda 260000,"kinetic price 95000,  1000cc"
motorcycles,honda crusier 2020 less than 15000$,bajaj bike 600cc
motorcycles,honda dominar 2016 less the 120000 sale,hero motorcycle 600cc
motorcycles,honda dominar 2017 less than 140000 sale,bajaj motorcycle 650cc
motorcycles,honda dominar 2017 less than 150000 sale,yamaha motorcycle 500cc
motorcycles,honda dominar 2018 less than 170000 sale,yamaha motorcycle 666cc
motorcycles,honda motorcycle   56 km driven,motorcycle company honda
motorcycles,honda motorcycle 2019 less than 140000 sale,2000km driven motorcycle for $10000
motorcycles,honda motorcycle 2020 less than 14000 sale,Honda motorcycle 1000cc
motorcycles,honda motorcycle have good reputation compared with other motorcycles in part 30years,Royal enfilled overall very famous motorcycles in the world
motorcycles,honda shine 2017 greater than 50000,bmw motorcycle 2005
motorcycles,honda,bajaj motorcycle
motorcycles,how many kilometers per 1 litre,what is the price
motorcycles,kawasaki motorcycle ninja 2013 less than 1400 new,kawasaki motorcycle 250cc
motorcycles,ktm dominar 2020 less than 10000 sale,honda motorcycle 500cc
motorcycles,ktm dominar 2020 less than 40000sale,honda motorcycle 500cc
motorcycles,less than 126870 sale,Royal enfield
motorcycles,new model or old model is this,what is the color of motorcycle
motorcycles,nissan leaf electric 3 bar battery used less than 10000,honda electric 1000miles new
motorcycles,suzuki grand tourer 2018 less than 100000,bmw motorcycle 1200cc
motorcycles,suzuki motorcycle used 2015 to 2020 less than 10000,suzuki motorcycle new 2021
motorcycles,used honda white 1000cc 2009,mv augusta 2010 red
motorcycles,used red harley davidson electra glide standard near el paso texas under 20k km,2021 Harley Electra Glide
motorcycles,vehicles for sale near me 130000,honda motorcycle parts 500cc
motorcycles,vintage harley davidson only 1 owner,2010 yamaha
motorcycles,what is difference between 2017 and 2020 model,how many colors do you have for this model
motorcycles,what is the price,what is the name of motor cycle
motorcycles,yamaha 700 2015 less than 1500,kawasaki motorcycle 500 cc
motorcycles,yamaha fazer 2016 more than 10000 sale,suzuki motorcycle 750cc
motorcycles,yes,cycle
motorcycles,yguygug,jnjkjk
